,Id,roberta_neg,roberta_neu,roberta_pos,roberta_polarity,Source,Date,Title,Content,Name,Rating,Version,emotion,,,
0,1,0.009916262,0.29391852,0.696165264,1,Breakfast Cooking - Kids Game,2023-03-01,,😇😇😇😇,sheref Hossa,5,,amusement,,,
1,2,0.004820354,0.018160036,0.977019548,1,Breakfast Cooking - Kids Game,2023-02-13,,This game is so good you can download it and enjoy this game is played very smoothly I love it and I think you will also like it's good and I will read this game 4 out of 5 because we have to make all breakfast then we will start next level we can't do this that if we have done one thing like pancakes then we can't restart the pancakes we can't click on 🥞 they said you have to start another thing,qumber khan,4,1.1.2,love,,,
2,3,0.004432215,0.04361077,0.951956987,1,Breakfast Cooking - Kids Game,2023-01-11,,I like the game,Elizabeth Mojisola Oyelowo,5,1.1.2,love,,,
3,4,0.002675524,0.020933945,0.976390481,1,Breakfast Cooking - Kids Game,2022-12-24,,Cute game,Silky Banerjee,5,1.1.2,admiration,,Positive,291
4,5,0.221562341,0.600977957,0.177459687,0,Breakfast Cooking - Kids Game,2022-12-15,,Mama,ali Qassim mupacha mutamila,1,1.1.2,neutral,,Negative,65
5,6,0.001497014,0.019404389,0.979098558,1,Breakfast Cooking - Kids Game,2022-12-12,,Great!! 🙂🙂🙂🥳🥳🥳⭐⭐⭐✅✅✅,MAUREEN CRUZ,5,1.1.2,admiration,,,
6,7,0.002280602,0.00997554,0.987743795,1,Breakfast Cooking - Kids Game,2022-10-27,,everytime I use this when it's breakfast time i love this game,Ellesandra Simone Salazar,5,1.1.2,love,,,
7,8,0.00185338,0.008047537,0.990099132,1,Breakfast Cooking - Kids Game,2022-10-23,,This game is very good,Priyanka Shirsat,5,1.1.2,admiration,,,
8,9,0.001729413,0.00875133,0.989519238,1,Breakfast Cooking - Kids Game,2022-10-16,,I love it 💚💛🧡💜🖤💝💞💞,Olajumoke Olarinoye,5,1.1.2,love,,,
9,10,0.942339182,0.053360898,0.004299976,0,Breakfast Cooking - Kids Game,2022-10-14,,"Too much ads , kids having a hard time to play",erwin esteban,3,1.1.2,sadness,,,
10,11,0.24454686,0.548611104,0.206842095,0,Breakfast Cooking - Kids Game,2022-10-11,,Delet,Ananna khan,3,,neutral,,,
11,12,0.013651798,0.176960975,0.809387207,1,Breakfast Cooking - Kids Game,2022-10-08,,😃😃😃😅🤗🤗😇😇😇😇😇😇😇😍😍😍😍😍,Reynante Mora,4,1.1.2,curiosity,,,
12,13,0.003280251,0.038221221,0.958498597,1,Breakfast Cooking - Kids Game,2022-10-02,,cooking is fun to me.,julie may,5,1.1.2,amusement,,,
13,14,0.004934941,0.075752459,0.919312596,1,Breakfast Cooking - Kids Game,2022-09-29,,Good breakfast game,Lilli Griffith,5,1.1.2,admiration,,,
14,15,0.185800329,0.606163383,0.208036289,1,Breakfast Cooking - Kids Game,2022-09-09,,Raaar,Greg Lipe,4,1.1.2,fear,,,
15,16,0.062333968,0.728392124,0.209273949,1,Breakfast Cooking - Kids Game,2022-09-05,,you get to play you learn how you know how to make breakfast,Azaree Jackson,5,,neutral,,,
16,17,0.00385821,0.007918605,0.988223255,1,Breakfast Cooking - Kids Game,2022-08-19,,I love this game,Prunena Sarabia,5,1.1.2,love,,,
17,18,0.010839947,0.152767166,0.836392939,1,Breakfast Cooking - Kids Game,2022-08-15,,I lve it,REJOICE IJEOMA,5,,love,,,
18,19,0.096856795,0.829499722,0.073643528,0,Breakfast Cooking - Kids Game,2022-08-13,,THHNSAAEERWY2⃣,lynex 9172,5,,neutral,,,
19,20,0.010091349,0.045185212,0.944723368,1,Breakfast Cooking - Kids Game,2022-08-13,,For me it's Cool actually but I realised that game it's a Little bit Boring but I can't wait to play it I love Eggs actually 🍳🥞🥞🥓 bacon pancakes I have Never eat pancakes Before bheka mina akaze ngidla ipancake soze,Zinhle Ayanda Mtshali,4,1.1.2,love,,,
20,21,0.001402545,0.006239083,0.992358387,1,Breakfast Cooking - Kids Game,2022-08-06,,It was very very good 😃 I like it 💜,Abdullah Ahmed,5,1.1.2,love,,,
21,22,0.003381834,0.028803986,0.967814207,1,Breakfast Cooking - Kids Game,2022-08-06,,Fun amazing and 200 out of 10,Towanna Millsap,5,1.1.2,excitement,,,
22,23,0.004210731,0.099162176,0.896627069,1,Breakfast Cooking - Kids Game,2022-08-05,,Good luck,Sujatha Sujatha,1,1.1.2,caring,,,
23,24,0.215798572,0.666286707,0.117914766,0,Breakfast Cooking - Kids Game,2022-07-25,,Rennee,Spyder Man,5,,neutral,,,
24,25,0.002109275,0.017496724,0.980394006,1,Breakfast Cooking - Kids Game,2022-07-08,,It is a good game 5 stars,Kayla Bourne,5,1.1.2,joy,,,
25,26,0.017336637,0.473144531,0.509518862,1,Breakfast Cooking - Kids Game,2022-07-03,,You can make breakfast 🍳🍳🍳🥞🧇🥯🥚🥓🥑🍞🥤🥃🧊🥄🍴eat up,henry melvin,5,1.1.2,neutral,,,
26,27,0.001980386,0.007248975,0.990770578,1,Breakfast Cooking - Kids Game,2022-06-22,,I love this game😁😊,Taylor Barnett,5,1.1.2,love,,,
27,28,0.003825891,0.011278627,0.984895468,1,Breakfast Cooking - Kids Game,2022-06-17,,Lovely game nice,Waseem Ali,1,,admiration,,,
28,29,0.341068685,0.360624701,0.298306555,0,Breakfast Cooking - Kids Game,2022-06-15,,Good and fun but too many ads,Sam Latu,3,1.1.2,amusement,,,
29,30,0.018403631,0.713570535,0.268025845,1,Breakfast Cooking - Kids Game,2022-06-13,,Bts,Tin Catacutan,5,1.1.2,neutral,,,
30,31,0.002250696,0.006683559,0.991065681,1,Breakfast Cooking - Kids Game,2022-06-08,,This game is so amazing im rating it a 5 star,Amanda Pearson,5,,excitement,,,
31,32,0.495851547,0.406208903,0.097939529,0,Breakfast Cooking - Kids Game,2022-06-07,,Bad,Swetha shriee Veeramani,1,,disgust,,,
32,33,0.080614708,0.09369234,0.825692952,1,Breakfast Cooking - Kids Game,2022-06-03,,I Loveeeeeeeeeee This game is't very fun 😊,miela ila,5,,love,,,
33,34,0.009887421,0.4937011,0.496411502,1,Breakfast Cooking - Kids Game,2022-06-01,,𝙽𝚘𝚠 𝙸 𝚕𝚎𝚊𝚛𝚗 𝚑𝚘𝚠 𝚝𝚘 𝚌𝚘𝚘𝚔 𝚝𝚑𝚊𝚗𝚔 𝚢𝚘𝚞🥺❤,Athena Julliene Bargola,5,1.1.2,curiosity,,,
34,35,0.002016554,0.018205505,0.979777932,1,Breakfast Cooking - Kids Game,2022-05-29,,Great🤩🥳,SARENITY Marbley,5,1.1.2,admiration,,,
35,36,0.012513231,0.694085777,0.293401033,1,Breakfast Cooking - Kids Game,2022-05-29,,It is a cooking game you can make breakfast foods and drinkds,Hope Carver,5,1.1.2,neutral,,,
36,37,0.063580386,0.447148651,0.489270926,1,Breakfast Cooking - Kids Game,2022-05-02,,Delious,Claudia Olivares,5,,disgust,,,
37,38,0.058235608,0.566948831,0.374815553,1,Breakfast Cooking - Kids Game,2022-04-29,,Like it,Caydence Williamson,5,1.1.2,love,,,
38,39,0.012465428,0.068297856,0.91923672,1,Breakfast Cooking - Kids Game,2022-04-22,,I have nothing to say but it's very nice,Marissa Amion Cabas,5,1.1.2,admiration,,,
39,40,0.018339714,0.075237997,0.906422257,1,Breakfast Cooking - Kids Game,2022-04-14,,The game very good .there is not any problem but I have given 3 stars because of ads their are so many ads after one their is ad but game too good .,Bushara auto engineering Workshop,3,1.1.2,admiration,,,
40,41,0.001746084,0.008967412,0.989286482,1,Breakfast Cooking - Kids Game,2022-04-13,,The Escape is the best I like it because and I love this game because it is the best odds sometimes please please make some more I'll Steve's cooking in the game,Zackry Wilson,5,1.1.2,love,,,
41,42,0.004290779,0.07317432,0.922534883,1,Breakfast Cooking - Kids Game,2022-04-10,,It have lots of good kid cooking,KinsleyK,4,1.1.2,admiration,,,
42,43,0.011906676,0.108889453,0.879203856,1,Breakfast Cooking - Kids Game,2022-04-10,,Nice game,Adeleke Mariam,4,1.1.2,admiration,,,
43,44,0.045169588,0.846370757,0.108459651,1,Breakfast Cooking - Kids Game,2022-04-09,,Call may breakfast,Nikie Garrett,5,1.1.2,neutral,,,
44,45,0.29321152,0.374921471,0.331867009,1,Breakfast Cooking - Kids Game,2022-04-03,,It is a nice game but the is to much ads,Phenyo Magabe,1,1.1.2,approval,,,
45,46,0.696129739,0.293722451,0.010147801,0,Breakfast Cooking - Kids Game,2022-03-27,,Clearly u are force us to pay,Mulugo neshunzhi,5,1.1.2,anger,,,
46,47,0.244558007,0.299135119,0.456306875,1,Breakfast Cooking - Kids Game,2022-03-22,,"Really good I love the game,it has 5 second ads,it is realllll simple,and realistic, but i wish they could add more breakfast foods,because it gets sorta boring to cook the same food again and again.Like maybe chocolate milk with some other type of milk that you,the person who downloaded the game,chooses.But please,add more foods and drinks. But I recommend you download this game,but dont listen to me,listen to yourself and your parents.And i bet you do not want to read a 500 word rating.",Yiraida Berrios,5,1.1.2,love,,,
47,48,0.008278287,0.026217761,0.965503931,1,Breakfast Cooking - Kids Game,2022-03-18,,I love it,Ruvim_svar,4,1.1.2,love,,,
48,49,0.001651799,0.011313376,0.987034857,1,Breakfast Cooking - Kids Game,2022-03-18,,it is so fun espechioly if you are someone who loves breakfast and to cook.,Jim Haston,5,1.1.2,amusement,,,
49,50,0.978192806,0.015808692,0.00599852,0,Breakfast Cooking - Kids Game,2022-03-12,,I HATE THIS GAME 🎮 😒,Hannah Harvey,1,1.1.2,anger,,,
50,51,0.004539677,0.015074573,0.98038578,1,Breakfast Cooking - Kids Game,2022-03-01,,I love it😍,Keisha Marsh,5,1.1.2,love,,,
51,52,0.001895981,0.007050196,0.991053879,1,Breakfast Cooking - Kids Game,2022-03-01,,This game is so awesome and then the boys are making food,Adelia Hunt,4,1.1.2,excitement,,,
52,53,0.02431133,0.32793957,0.647749066,1,Breakfast Cooking - Kids Game,2022-02-28,,Wow,airah animation,5,,surprise,,,
53,54,0.00833755,0.083822198,0.907840252,1,Breakfast Cooking - Kids Game,2022-02-25,,Awesome,WomenCanToo,5,1.1.2,admiration,,,
54,55,0.010242748,0.105906844,0.883850396,1,Breakfast Cooking - Kids Game,2022-02-25,,Good for little girls,Rae Golson,5,1.1.2,approval,,,
55,56,0.002884296,0.006352048,0.990763724,1,Breakfast Cooking - Kids Game,2022-02-23,,Iloveyou this game so nice,Angeline Magalso,5,1.1.2,joy,,,
56,57,0.060793415,0.329427898,0.609778702,1,Breakfast Cooking - Kids Game,2022-02-22,,Good,ropafadzo chonzi,5,,admiration,,,
57,58,0.558689415,0.419172704,0.022137899,0,Breakfast Cooking - Kids Game,2022-02-21,,It's low key a time killer,MIZ KaPoni,5,1.1.2,neutral,,,
58,59,0.273472965,0.496421218,0.230105773,0,Breakfast Cooking - Kids Game,2022-02-18,,Oo,Ludwig Van,5,1.1.2,neutral,,,
59,60,0.002147748,0.014291515,0.983560801,1,Breakfast Cooking - Kids Game,2022-02-06,,This is a best game,Eshaal Khalid,5,1.1.2,admiration,,,
60,61,0.018449061,0.35134539,0.630205572,1,Breakfast Cooking - Kids Game,2022-02-03,,This game teaches me how to cook,Reynante Catan,5,1.1.2,neutral,,,
61,62,0.060793415,0.329427898,0.609778702,1,Breakfast Cooking - Kids Game,2022-01-29,,Good,Michael Montgomery,5,,admiration,,,
62,63,0.020396855,0.173301443,0.806301713,1,Breakfast Cooking - Kids Game,2022-01-29,,Wow mindblowing,Darlington Zvarevashe,1,,surprise,,,
63,64,0.019508649,0.500616491,0.479874879,1,Breakfast Cooking - Kids Game,2022-01-21,,I think it teaches me how to cook,Kiarah Hasson,1,1.1.2,neutral,,,
64,65,0.057203878,0.153357372,0.789438784,1,Breakfast Cooking - Kids Game,2022-01-17,,Fun and entertaining game with 5 second ads. I just wish there were more things to cook.,Liz Johnson,4,,joy,,,
65,66,0.001959836,0.009183655,0.988856494,1,Breakfast Cooking - Kids Game,2022-01-15,,What a good game 🎮 l like it,Kenny Chiku,5,1.1.2,admiration,,,
66,67,0.00173909,0.006762355,0.99149853,1,Breakfast Cooking - Kids Game,2022-01-12,,I love the game but I love the all of the activities on this 🎮,Can Rainey,5,1.1.2,love,,,
67,68,0.006011254,0.052281115,0.941707611,1,Breakfast Cooking - Kids Game,2022-01-02,,Its good,Abosede Adeoye,4,1.1.2,admiration,,,
68,69,0.101613261,0.696549952,0.201836824,1,Breakfast Cooking - Kids Game,2021-12-31,,Breakfast coo Rate this app,Nabilah Nasir,5,1.1.2,neutral,,,
69,70,0.052567642,0.793267488,0.154164866,1,Breakfast Cooking - Kids Game,2021-12-29,,Breakfast cooking,Annalisha Hammock,5,1.1.2,neutral,,,
70,71,0.003813889,0.035578843,0.96060729,1,Breakfast Cooking - Kids Game,2021-12-26,,It's good,Monye Blessing,5,1.1.2,admiration,,,
71,72,0.006734237,0.406837374,0.586428344,1,Breakfast Cooking - Kids Game,2021-12-01,,I'd like to have a campground restaurant With which to play.,chivia Horton,2,1.1.2,desire,,,
72,73,0.02431133,0.32793957,0.647749066,1,Breakfast Cooking - Kids Game,2021-11-24,,Wow,kenny bernard noma,5,1.1.2,surprise,,,
73,74,0.094550192,0.745717704,0.159732118,1,Breakfast Cooking - Kids Game,2021-10-28,,It is supper game,Sri lakshmi,5,1.1.2,neutral,,,
74,75,0.197949752,0.741628408,0.060421836,0,Breakfast Cooking - Kids Game,2021-10-19,,You should have put a intro so people can now what you do when you got on them,Jeremy Perea,3,1.1.2,neutral,,,
75,76,0.006917893,0.056957319,0.936124802,1,Breakfast Cooking - Kids Game,2021-10-01,,Great game,Uswah Shanj,5,1.1.2,admiration,,,
76,77,0.001659415,0.011067729,0.987272918,1,Breakfast Cooking - Kids Game,2021-09-29,,I like this game 😘😘😘😘😘😘,Sasmitarani Ghadei,5,,love,,,
77,78,0.002820181,0.008462509,0.988717318,1,Breakfast Cooking - Kids Game,2021-09-27,,Omg this game is so best i like a food,NOR ADLINA NISA BINTI ABDUL SANI,5,,admiration,,,
78,79,0.052609991,0.308670014,0.638719976,1,Breakfast Cooking - Kids Game,2021-09-27,,nice,Joy Predilla,5,1.1.2,admiration,,,
79,80,0.003586728,0.046387877,0.95002538,1,Breakfast Cooking - Kids Game,2021-09-24,,I like milkshake Very intense gameplay,Matthew Hamel,5,1.1.2,love,,,
80,81,0.941375554,0.050451092,0.008173415,0,Breakfast Cooking - Kids Game,2021-09-19,,THE UPDATE WAS POINTLESS.... YOU STILL CANNOT TAP TO PRETEND EAT THE FOOD!!!! WHAT A WASTE OF TIME AND SPACE ON YOUR PHONE!!!! FART!!!! 🙎🏼💭💩🙅🏼,Im under your bed,1,1.1.2,annoyance,,,
81,82,0.018483875,0.259779096,0.721737027,1,Breakfast Cooking - Kids Game,2021-09-16,,This will make it easier for the company and the company end up being in your office to be the first time a customer wants you and your business partner will be willing and able for the 5th year and today's year is 2021 there must have 500 letters in this grid and you cannot have any integer which is,Barnali Roy Chowdhury,5,1.1.2,excitement,,,
82,83,0.004240335,0.030650474,0.96510911,1,Breakfast Cooking - Kids Game,2021-09-15,,Amazing game fanstastic,Naina Mutha,5,1.1.2,admiration,,,
83,84,0.002721417,0.01919603,0.978082538,1,Breakfast Cooking - Kids Game,2021-09-12,,Because I love ltttttttt,Oyewale Khadija,5,,love,,,
84,85,0.009626087,0.139833793,0.850540161,1,Breakfast Cooking - Kids Game,2021-09-07,,It's good but could you add something new in the game like breakfast muffins 😸,vajid s,5,1.1.2,approval,,,
85,86,0.01206043,0.249036208,0.738903344,1,Breakfast Cooking - Kids Game,2021-09-01,,Because I like to cook,Jeronica Arnold,5,1.1.2,approval,,,
86,87,0.001621361,0.052962791,0.945415854,1,Breakfast Cooking - Kids Game,2021-08-30,,cooking healthy is a good learning game for young children age 3 to 6,Brenda Gladman,5,1.1.2,caring,,,
87,88,0.066171169,0.264000922,0.669827938,1,Breakfast Cooking - Kids Game,2021-08-26,,This game is good and all but you're missing one thing breakfast cookies,bluefire996,3,1.1.2,joy,,,
88,89,0.00380826,0.065076008,0.931115746,1,Breakfast Cooking - Kids Game,2021-08-22,,Its cool,Achilles X2,5,1.1.2,joy,,,
89,90,0.054712184,0.456517011,0.488770843,1,Breakfast Cooking - Kids Game,2021-08-21,,GREAT BUT TO MANY ADS,Lungile Mkhonta,4,1.1.2,admiration,,,
90,91,0.132322818,0.705377877,0.16229929,1,Breakfast Cooking - Kids Game,2021-08-16,,ⓦⓞⓦ,Naledi Sekhoto,5,,neutral,,,
91,92,0.689774334,0.278862447,0.031363215,0,Breakfast Cooking - Kids Game,2021-08-16,,Not much 🙄,Luam Tesfu,1,1.1.1,neutral,,,
92,93,0.975922465,0.020759484,0.003317938,0,Breakfast Cooking - Kids Game,2021-08-12,,"This game is so lame so can u upgade it and, it slow",abby island,1,,neutral,,,
93,94,0.004896413,0.027759677,0.967343926,1,Breakfast Cooking - Kids Game,2021-08-05,,Very good game it's not onlline💚,Crystal's Mashup,5,1.1.1,admiration,,,
94,95,0.4555839,0.336073428,0.208342701,0,Breakfast Cooking - Kids Game,2021-08-03,,I love the game but I dont really like the pancake because it takes so long and all of your hard work for nothing because you dont even eat the food so pls developer or developers change or update it but the rest is excellent.,Jas Buckland,4,1.1.1,admiration,,,
95,96,0.001759782,0.008114939,0.990125299,1,Breakfast Cooking - Kids Game,2021-07-20,,it's the best game ever who ever played it is very lucky 🤣😜,Kupakwashe Nyandoro,5,,joy,,,
96,97,0.423142195,0.403266877,0.173590913,0,Breakfast Cooking - Kids Game,2021-07-12,,I like the game but it is very slow and it has no levels someone 🙏 add levels 🙏,Shakeel Basson,2,1.1.1,love,,,
97,98,0.002656706,0.025218356,0.972124934,1,Breakfast Cooking - Kids Game,2021-07-04,,So far so good,Sipho Gumede,5,1.1.1,joy,,,
98,99,0.884328842,0.087068684,0.028602516,0,Breakfast Cooking - Kids Game,2021-06-26,,SO BORING!!!!!!!!SO MANY ADSSS!!!!!!!!SO SLOW TO LOAD!!!!!!!,Marichu Castillo,1,,excitement,,,
99,100,0.002425146,0.010019105,0.987555802,1,Breakfast Cooking - Kids Game,2021-06-24,,This game is amazing,Aliyah Dialde,5,1.1.1,excitement,,,
100,101,0.001427684,0.01871009,0.979862213,1,Breakfast Cooking - Kids Game,2021-06-21,,Wow is cool,People Games,5,1.1.1,admiration,,,
101,102,0.819885194,0.167087972,0.013026818,0,Breakfast Cooking - Kids Game,2021-06-20,,Too many ads,Jane Gehring,1,1.1.1,neutral,,,
102,103,0.007492173,0.127857804,0.864650011,1,Breakfast Cooking - Kids Game,2021-06-20,,good 2 play,BuTriam Abid,5,1.1.1,admiration,,,
103,104,0.002863216,0.030063489,0.967073262,1,Breakfast Cooking - Kids Game,2021-06-04,,I think it's just as fun so yeah. Also this is my last day of school,Sonally Molly,5,1.1.1,joy,,,
104,105,0.525873065,0.380796105,0.09333083,0,Breakfast Cooking - Kids Game,2021-05-11,,Bad !,Mousumi De,1,1.1.1,disgust,,,
105,106,0.00262292,0.005202755,0.992174387,1,Breakfast Cooking - Kids Game,2021-05-08,,This game is so good i love this game 😍😍😍,Shaheen Fatima,3,1.1.1,love,,,
106,107,0.01529683,0.157842904,0.826860249,1,Breakfast Cooking - Kids Game,2021-05-07,,عالییی😍😍😍😍,Tanin dav,5,1.1.1,neutral,,,
107,108,0.053355142,0.676100612,0.270544291,1,Breakfast Cooking - Kids Game,2021-04-25,,Exellent game,Aaira Khan,5,,neutral,,,
108,109,0.003969572,0.014092286,0.981938124,1,Breakfast Cooking - Kids Game,2021-04-24,,"I love it so much again for you to be home in covid something that you really want to do you can and dreams so this is good to learn and stay home to fake cook on the game it's okay to fake cook everyone knows it's, okay but covet is really serious someone had got stolen 2021 we know this is a hard year but this is something we need to know let us have fun for one more day we love how people help us of our passion we have and Alexis drama dreams of we love all of you have a great day goodbye",pat_. vibes,5,1.1.1,love,,,
109,110,0.001116958,0.012854431,0.986028612,1,Breakfast Cooking - Kids Game,2021-04-23,,this game is my little sister's favourite and my favourite too,Erick Makhamba,5,1.1.1,love,,,
110,111,0.009975342,0.218436033,0.771588624,1,Breakfast Cooking - Kids Game,2021-04-22,,cool,Alex Viggiani,5,1.1.1,joy,,,
111,112,0.00225031,0.026069302,0.971680403,1,Breakfast Cooking - Kids Game,2021-04-04,,I like this game bc I like cooking xxx,Imogen Garrett,5,1.1.1,love,,,
112,113,0.222493112,0.735928953,0.04157798,0,Breakfast Cooking - Kids Game,2021-03-31,,۵۳۴۳۵۷ح۸۶,Hassan Karrabi,5,1.1.1,neutral,,,
113,114,0.918227613,0.071919329,0.009853089,0,Breakfast Cooking - Kids Game,2021-03-07,,I like it but it's not great I would not recommend it for older people like me like cuz I'm 8😑😑😑,Erin Taylor,3,1.1.0,disapproval,,,
114,115,0.066038191,0.354452819,0.57950896,1,Breakfast Cooking - Kids Game,2021-03-03,,Nice,Magwadi Nelson,1,,admiration,,,
115,116,0.001087027,0.008858767,0.990054131,1,Breakfast Cooking - Kids Game,2021-03-02,,"It's a very nice game to play, so I'll play this more often today! So yeah Les me get ready to play this game.",Jennifer Granger,5,1.1.0,excitement,,,
116,117,0.271582007,0.609336317,0.119081669,0,Breakfast Cooking - Kids Game,2021-02-25,,Hmmm naw,Mary Emmanuel,2,,neutral,,,
117,118,0.018400332,0.096878216,0.884721518,1,Breakfast Cooking - Kids Game,2021-02-24,,Because the ads and it is fun,Clint Mcgrath,4,1.1.0,joy,,,
118,119,0.060793415,0.329427898,0.609778702,1,Breakfast Cooking - Kids Game,2021-02-19,,Good,Vanessa Lynch,1,1.1.0,admiration,,,
119,120,0.002297322,0.008670133,0.989032507,1,Breakfast Cooking - Kids Game,2021-02-07,,It soo good but you can only do the thing near the gum again but it doesn't matter anyway this is the best game ever please download it it's actually very good and it's a healthy way to eat breakfast and there's a different type that is to prepare lunch for school so pleased download,Viviana Borrego,5,1.1.0,admiration,,,
120,121,0.060793415,0.329427898,0.609778702,1,Breakfast Cooking - Kids Game,2021-01-31,,Good,Kumutha Kumutha,2,1.1.0,admiration,,,
121,122,0.008846232,0.075487569,0.915666223,1,Breakfast Cooking - Kids Game,2021-01-27,,Good game,Charlene banks,5,1.1.0,gratitude,,,
122,123,0.168245882,0.480158776,0.351595342,1,Breakfast Cooking - Kids Game,2021-01-19,,Excellent,Kauthar Hassan,5,1.1.0,admiration,,,
123,124,0.009561963,0.102949671,0.887488425,1,Breakfast Cooking - Kids Game,2021-01-18,,I guess its kinda good but the options are only 5 I want 8 options,aikohonoka _0,3,1.1.0,approval,,,
124,125,0.288925558,0.628674507,0.082399942,0,Breakfast Cooking - Kids Game,2021-01-06,,Not too much food to pick,Nyjai Hoffer,2,,neutral,,,
125,126,0.061617281,0.392665207,0.545717537,1,Breakfast Cooking - Kids Game,2021-01-04,,Super,mani sarathi,5,1.1.0,admiration,,,
126,127,0.53440696,0.312634259,0.152958766,0,Breakfast Cooking - Kids Game,2020-12-23,,It looks like a nice game but I can't even download it to play it,Lisa Hamilton,1,,approval,,,
127,128,0.047293063,0.521081269,0.431625605,1,Breakfast Cooking - Kids Game,2020-12-21,,Just ok,Hyper gamerz,2,1.1.0,approval,,,
128,129,0.002803394,0.028047251,0.969149351,1,Breakfast Cooking - Kids Game,2020-12-20,,Its fun no problem s goody b,Florene Sankey,4,,amusement,,,
129,130,0.002467104,0.005940218,0.991592646,1,Breakfast Cooking - Kids Game,2020-12-15,,This game is amazing Love it,Bri Pope,5,1.1.0,excitement,,,
130,131,0.006187913,0.072735831,0.921076238,1,Breakfast Cooking - Kids Game,2020-12-15,,Challenging and fun!,Cynthia Judy Marie Kult,5,1.1.0,amusement,,,
131,132,0.002367983,0.005363317,0.992268741,1,Breakfast Cooking - Kids Game,2020-12-12,,This game is so cool I love it,Nubain Hair,5,1.1.0,joy,,,
132,133,0.001532995,0.005519165,0.992947817,1,Breakfast Cooking - Kids Game,2020-12-02,,This game is really good my lil sis love yo play it great job guys I think u can add more options of cooking thing love it😚😚🤩,Samia Farhan,5,1.1.0,admiration,,,
133,134,0.008094418,0.663604379,0.328301251,1,Breakfast Cooking - Kids Game,2020-11-21,,Im going to do 5 stars,Tomas Campos,5,1.1.0,neutral,,,
134,135,0.535908222,0.414317638,0.049774121,0,Breakfast Cooking - Kids Game,2020-11-12,,Not so intersting game,IRSHAD AHEMAD,2,,neutral,,,
135,136,0.001790788,0.00571717,0.99249202,1,Breakfast Cooking - Kids Game,2020-11-09,,I'm going to give five stars because this is so fun and I love it.I wish you intall and make some more games like this. Thank you,Izobelle Cerenado,5,,gratitude,,,
136,137,0.977075994,0.019513119,0.003410893,0,Breakfast Cooking - Kids Game,2020-10-31,,the game was super boring,RADHIKA MUNDRA MUSIC,1,,disappointment,,,
137,138,0.006835611,0.03646959,0.956694782,1,Breakfast Cooking - Kids Game,2020-10-30,,This game is nice just add some more levels in it,Emmanueal Masih,3,,approval,,,
138,139,0.001839734,0.014128642,0.984031618,1,Breakfast Cooking - Kids Game,2020-10-26,,It's great!,Gabby Gist,5,1.1.0,admiration,,,
139,140,0.285662532,0.529870331,0.184467107,0,Breakfast Cooking - Kids Game,2020-10-19,,Yfut,Mohammed Ibrahim,1,1.1.0,neutral,,,
140,141,0.924375296,0.06974341,0.005881304,0,Breakfast Cooking - Kids Game,2020-10-11,,🤢🤢🤢🤢🤢🤢🤢🤢🤢🤢🤢🤢🤢🤢🤢🤢🤢🤢🤢🤢🤢🤢🤢🤢🤢🤢🤢🤢🤢🤢🤢🤢🤢🤢🤢🤢🤢🤢🤢🤢🤢🤢🤢🤢🤢,Marks Issac,1,1.1.0,neutral,,,
141,142,0.005189485,0.029181421,0.965629041,1,Breakfast Cooking - Kids Game,2020-10-02,,Wow what a nice game but please the food is just a few so please can you add some to it and please add levels to it,Duah Donkor,5,1.1.0,admiration,,,
142,143,0.060793415,0.329427898,0.609778702,1,Breakfast Cooking - Kids Game,2020-09-23,,Good,Sami Rizwan,1,1.1.0,admiration,,,
143,144,0.002798032,0.005764306,0.991437733,1,Breakfast Cooking - Kids Game,2020-09-19,,I love this game it's amazing,Apryl Dickerson,5,1.1.0,excitement,,,
144,145,0.230182976,0.437056452,0.332760662,1,Breakfast Cooking - Kids Game,2020-09-18,,didnt download it yet but it is downloading why cant it download fast hate things that take too long please try and make it download fast nice game😂😀😀😀😀😀😀😀😀😀😀😀😀😇😀😀😀😀😀😀😀😀😀😀😀😀😀😀😀😀😀😀😀😀😀😀😀😀😀😀😀😀😀😀😀😀😀😀😀😀😀😀😀😀😀😀😀😇😇😀😀😀😀😀😀😀😀😀😀😀😀😀😀😀😀😀😀😀😀😀😀😀😀😀😀😀😀😀😀😀😀😀😀😀😀😀😀😀😀😇😀😀😀😀😀😀😀😀😀😀😀😀😀😀😀😀😀😀😇😇,Nanayaa Aboagye,5,,curiosity,,,
145,146,0.054850128,0.818738163,0.126411662,1,Breakfast Cooking - Kids Game,2020-09-18,,Verry use full app,መቅዲ ማራኪ,4,1.1.0,neutral,,,
146,147,0.149752259,0.695454776,0.154792979,1,Breakfast Cooking - Kids Game,2020-09-12,,I agree with some of u out there that i know it does the same thing over and over,Emma Bell,5,1.1.0,approval,,,
147,148,0.009444324,0.181271151,0.809284508,1,Breakfast Cooking - Kids Game,2020-09-08,,😋😋😋,Chanda Vanzara,5,,sadness,,,
148,149,0.066038191,0.354452819,0.57950896,1,Breakfast Cooking - Kids Game,2020-08-29,,Nice,kinza Khan,2,,admiration,,,
149,150,0.039332539,0.211899266,0.74876821,1,Breakfast Cooking - Kids Game,2020-08-29,,i have give 1 star first because good and 2 star interest games but many ads and only few recipes,Momina Mullick,2,1.1.0,approval,,,
150,151,0.889432609,0.095021032,0.015546345,0,Breakfast Cooking - Kids Game,2020-08-19,,It's not bad but omg it's boring,Shamara Reid,2,1.1.0,disapproval,,,
151,152,0.011455197,0.237430081,0.751114726,1,Breakfast Cooking - Kids Game,2020-08-17,,Excellent😉,Rodney depaul,5,,admiration,,,
152,153,0.922797322,0.06396085,0.013241859,0,Breakfast Cooking - Kids Game,2020-08-07,,BOrING!!!! LAME!!!!!!!!!!!!!!!!!!!!!!!! 😒😾🙍🏼🙎🏼🙅🏼💁🏼👎🏻,An apology fro Snowbell for eating your fryed mice,1,,amusement,,,
153,154,0.022607805,0.230594486,0.74679774,1,Breakfast Cooking - Kids Game,2020-08-07,,Amazing,Noor Ch,1,1.0.9,admiration,,,
154,155,0.24305518,0.31656155,0.440383255,1,Breakfast Cooking - Kids Game,2020-07-27,,It is super easy play but I wish it had more recipes and I didn't give this game 5 stars because sometimes when you are trying to take an ingredient it freezes up. I like this game because it is offline but the game get super boring after playing it for a while.,Friday Nobis,3,1.0.9,love,,,
155,156,0.001954857,0.01052765,0.987517536,1,Breakfast Cooking - Kids Game,2020-07-25,,This is a good game 👍🏻😍,Swati Khade,5,1.0.9,excitement,,,
156,157,0.007012592,0.078072928,0.914914548,1,Breakfast Cooking - Kids Game,2020-07-23,,I love to cook on it,A Google user,5,1.0.9,love,,,
157,158,0.002475096,0.018571261,0.97895366,1,Breakfast Cooking - Kids Game,2020-07-23,,Nice game 😘😍,Imran Imran,5,,admiration,,,
158,159,0.004848382,0.039577249,0.955574393,1,Breakfast Cooking - Kids Game,2020-07-21,,Really good game keeps my mind off things,Nicola Cotterill,5,1.0.9,admiration,,,
159,160,0.01255466,0.106544659,0.880900621,1,Breakfast Cooking - Kids Game,2020-07-20,,Excellent game,Sinjini Saha,5,,admiration,,,
160,161,0.213910952,0.567105472,0.218983606,1,Breakfast Cooking - Kids Game,2020-07-19,,It's ok but too many adds,Mariah milan,5,1.0.9,approval,,,
161,162,0.011906676,0.108889453,0.879203856,1,Breakfast Cooking - Kids Game,2020-07-14,,Nice game,Ushasri Ushasri,4,1.0.9,admiration,,,
162,163,0.033833228,0.267107487,0.699059308,1,Breakfast Cooking - Kids Game,2020-07-04,,Great,Richard Shabana,5,1.0.9,admiration,,,
163,164,0.002450945,0.014079519,0.983469605,1,Breakfast Cooking - Kids Game,2020-07-01,,Super game I like it,Pramodha Shetty,5,1.0.9,love,,,
164,165,0.002328754,0.007274052,0.990397215,1,Breakfast Cooking - Kids Game,2020-06-28,,😍😍😍😍😍😍😊😊😊 i love it,Julianna colleen r. Garcia,5,,love,,,
165,166,0.004516175,0.009551307,0.985932529,1,Breakfast Cooking - Kids Game,2020-06-27,,I like this game so much I cannot never stop playing it,Jalani Vanhorn,1,,love,,,
166,167,0.001789234,0.015716903,0.982493818,1,Breakfast Cooking - Kids Game,2020-06-26,,"I absolutely love this app and the individuals that have created this app are so enlightened and spiritually inclined to help those who are lost but not lost on a universal journey to the truth of our Being. MAY THE MOST HIGH THE CREATOR OF ALL, BLESS THEM AND GLORY BE GIVEN TO THE ONE WHO TRULY DESERVES THE PRAISE.I LOVE YOU BROTHERS AND SISTERS OF THE MOST HIGH.",Heather Griess,5,,love,,,
167,168,0.835115135,0.153782412,0.011102358,0,Breakfast Cooking - Kids Game,2020-06-25,,Okay but too many ads,Gwyneth Dawes,3,1.0.9,approval,,,
168,169,0.058235608,0.566948831,0.374815553,1,Breakfast Cooking - Kids Game,2020-06-24,,Like it,Zainab Malik,5,1.0.9,love,,,
169,170,0.00833755,0.083822198,0.907840252,1,Breakfast Cooking - Kids Game,2020-06-24,,Awesome,Bonolo Mokgothu,5,1.0.9,admiration,,,
170,171,0.001717667,0.010867178,0.987415135,1,Breakfast Cooking - Kids Game,2020-06-22,,It was a really good game and that's why I gave it a 5,Jennifer Quinton,5,1.0.9,admiration,,,
171,172,0.001978899,0.00664975,0.991371393,1,Breakfast Cooking - Kids Game,2020-06-22,,I love the game you can cook you can prepared some goodies please make some more games with many food good job love it my sister love it too make some more please❤❤❤,Nicaren Diaz,5,1.0.9,love,,,
172,173,0.032731019,0.175458759,0.791810155,1,Breakfast Cooking - Kids Game,2020-06-21,,It really fun but you cook the same thingover and over,Lily Molel,1,1.0.9,joy,,,
173,174,0.001563937,0.005794894,0.992641151,1,Breakfast Cooking - Kids Game,2020-06-19,,Wow this game is so nice 😘😘,Arpita saxena,5,1.0.9,admiration,,,
174,175,0.002455123,0.010232226,0.987312615,1,Breakfast Cooking - Kids Game,2020-06-19,,I enjoying this beautiful game,Vennesa Addison,3,1.0.9,joy,,,
175,176,0.541459799,0.369149804,0.089390449,0,Breakfast Cooking - Kids Game,2020-06-16,,"To many commercials, but I hope my 3 year old granddaughter don't mind waiting for the commercials to Stop.",Angelina Izzard,4,1.0.7,optimism,,,
176,177,0.013136491,0.603518248,0.383345246,1,Breakfast Cooking - Kids Game,2020-06-16,,It teaches me how to prepare my breakfast,Ibrahim Muhammad,5,1.0.7,neutral,,,
177,178,0.002147069,0.008302476,0.989550412,1,Breakfast Cooking - Kids Game,2020-06-07,,This game is totally awesome,Endtime Ministries,5,1.0.7,excitement,,,
178,179,0.00188673,0.007712512,0.990400732,1,Breakfast Cooking - Kids Game,2020-06-04,,This game is so cute and fun,Nelly Shivnauth,5,1.0.7,joy,,,
179,180,0.090784065,0.407487124,0.501728773,1,Breakfast Cooking - Kids Game,2020-06-02,,Lame not it is cool.,David glen lee Hall,5,,neutral,,,
180,181,0.001936201,0.004968703,0.9930951,1,Breakfast Cooking - Kids Game,2020-05-31,,I love this game I love all the junior game's studio they are the best games in the world ❤️💙😍,Michael Martinez,5,1.0.7,joy,,,
181,182,0.004911545,0.018148098,0.976940393,1,Breakfast Cooking - Kids Game,2020-05-30,,I luv dis game,Faustina Achempong,5,,love,,,
182,183,0.00385821,0.007918605,0.988223255,1,Breakfast Cooking - Kids Game,2020-05-30,,I love this game,Nabil Lukaya,5,1.0.7,love,,,
183,184,0.117469467,0.725115359,0.157415107,1,Breakfast Cooking - Kids Game,2020-05-26,,Need more level,Viji Prasanna,3,,desire,,,
184,185,0.443469137,0.35642454,0.200106338,0,Breakfast Cooking - Kids Game,2020-05-23,,"Ok, it is fun, but you get bored after 10 mins of playing, i am about to delete it and to many adds!!",Sinead Butler,4,1.0.5,amusement,,,
185,186,0.060793415,0.329427898,0.609778702,1,Breakfast Cooking - Kids Game,2020-05-22,,Good,Manisha Rawat,5,1.0.7,admiration,,,
186,187,0.004407061,0.05163129,0.94396168,1,Breakfast Cooking - Kids Game,2020-05-19,,I like your game,oiliva ghana,5,1.0.7,love,,,
187,188,0.050684761,0.683597088,0.265718132,1,Breakfast Cooking - Kids Game,2020-05-19,,👎👎👎👎👎👎👎,Muhammadsodiq Sotvoldiyev,3,,amusement,,,
188,189,0.002401844,0.008785153,0.988812983,1,Breakfast Cooking - Kids Game,2020-05-13,,This game is the best,GERTRUDE MZIZI,5,1.0.7,admiration,,,
189,190,0.002419263,0.006929893,0.990650773,1,Breakfast Cooking - Kids Game,2020-05-13,,I love this game but it has a lot of adds But i still love the game thank you. 💟💟💟 and 😘😘😘.love and kisses bye,RUON,5,,admiration,,,
190,191,0.008940871,0.081662737,0.90939641,1,Breakfast Cooking - Kids Game,2020-05-11,,It us a nice game,Daniella Ocansey,1,1.0.7,joy,,,
191,192,0.009200296,0.24320741,0.74759227,1,Breakfast Cooking - Kids Game,2020-05-09,,حلوه جداا ❤❤❤❤,Mohhamed Ahmed,5,1.0.7,neutral,,,
192,193,0.00369422,0.010983817,0.985321879,1,Breakfast Cooking - Kids Game,2020-05-02,,OMG this game is so fund if your body is so tied and you don't fell like cooking play this is has eggs bacon pancakes milk juice cereal and that is alll I love this game I think you will love it to 💕💕💕💕💕💕💕💕,Ashley Tucker,5,1.0.7,love,,,
193,194,0.011035094,0.093988508,0.894976377,1,Breakfast Cooking - Kids Game,2020-04-29,,nice game,Siphelelo Shongwe,4,1.0.7,admiration,,,
194,195,0.003216361,0.031402562,0.965381026,1,Breakfast Cooking - Kids Game,2020-04-26,,Woo! Fantastic,A Google user,5,,admiration,,,
195,196,0.023672359,0.17439577,0.801931858,1,Breakfast Cooking - Kids Game,2020-04-24,,Amazing.,A Google user,5,1.0.7,admiration,,,
196,197,0.035864919,0.648532748,0.315602362,1,Breakfast Cooking - Kids Game,2020-04-23,,Mom is going to the librarian. Diana Ross. Diana Ross. Diana Ross. Diana Ross. Diana Ross. Diana Ross and a lot more to do you want,A Google user,1,1.0.7,neutral,,,
197,198,0.005771047,0.059554983,0.934673965,1,Breakfast Cooking - Kids Game,2020-04-21,,Enjoyed it.,A Google user,5,1.0.7,joy,,,
198,199,0.001787527,0.01023076,0.987981737,1,Breakfast Cooking - Kids Game,2020-04-19,,Wow is so nice,A Google user,5,,admiration,,,
199,200,0.001859046,0.010711738,0.987429202,1,Breakfast Cooking - Kids Game,2020-04-18,,So nice game please second part😘😘😘,A Google user,5,1.0.7,approval,,,
200,201,0.88876164,0.100312732,0.010925648,0,Breakfast Cooking - Kids Game,2020-04-18,,Very bad,A Google user,1,,disgust,,,
201,202,0.001872238,0.008749388,0.989378393,1,Breakfast Cooking - Kids Game,2020-04-16,,This is so awesome,A Google user,5,1.0.7,admiration,,,
202,203,0.014207571,0.279340416,0.706452012,1,Breakfast Cooking - Kids Game,2020-04-05,,Fun real detel,A Google user,4,1.0.7,joy,,,
203,204,0.002573051,0.005856839,0.991570115,1,Breakfast Cooking - Kids Game,2020-04-04,,This game so so beautifull. I love it.👍👍,A Google user,5,1.0.7,love,,,
204,205,0.002942331,0.005913844,0.991143823,1,Breakfast Cooking - Kids Game,2020-04-04,,I love this game 🤩🤩😸😸,A Google user,5,,love,,,
205,206,0.002808812,0.015041703,0.982149422,1,Breakfast Cooking - Kids Game,2020-04-02,,"Very cute, short ads, a great way to pass time. Wish there were more dishes to cook!",A Google user,5,1.0.7,admiration,,,
206,207,0.002030892,0.019487096,0.978482068,1,Breakfast Cooking - Kids Game,2020-03-23,,My daughter luv this gameaà,A Google user,5,1.0.7,love,,,
207,208,0.004114389,0.047738239,0.948147416,1,Breakfast Cooking - Kids Game,2020-03-22,,I like this,A Google user,5,,love,,,
208,209,0.006340928,0.037959956,0.955699146,1,Breakfast Cooking - Kids Game,2020-03-20,,it so fun,A Google user,5,,amusement,,,
209,210,0.002290803,0.005864754,0.991844475,1,Breakfast Cooking - Kids Game,2020-03-20,,"I love this game sooooo much it is so realistic and relaxing and you can make so many different combinations, I totally recommend this game it is super fun!!!",A Google user,5,,joy,,,
210,211,0.00347358,0.008086319,0.988440037,1,Breakfast Cooking - Kids Game,2020-03-17,,"I have one word, amazing, so many varieties. And not that many ads. I love this game.😄❤",A Google user,5,1.0.7,admiration,,,
211,212,0.900375366,0.086684808,0.012939882,0,Breakfast Cooking - Kids Game,2020-03-17,,Not Very Much To Choose From. Just Not Really Good Graphics.,A Google user,1,,disapproval,,,
212,213,0.008830612,0.11934986,0.871819496,1,Breakfast Cooking - Kids Game,2020-03-16,,Delicious,A Google user,5,1.0.7,disgust,,,
213,214,0.011194148,0.170296013,0.818509877,1,Breakfast Cooking - Kids Game,2020-03-06,,I liket👏 the game hey but I started to stay up all night 🌆to the morning comes 🏜️ and it got bring gust pleying the same thing but as I was looking I saw a relay fun game so by,A Google user,4,,joy,,,
214,215,0.009015937,0.060734201,0.93024987,1,Breakfast Cooking - Kids Game,2020-03-06,,Great ads were making things a bit slow but was coolio,A Google user,4,1.0.7,admiration,,,
215,216,0.003059034,0.027213577,0.969727337,1,Breakfast Cooking - Kids Game,2020-03-04,,Because the food I make was so good,A Google user,5,1.0.7,admiration,,,
216,217,0.001902005,0.010405415,0.987692535,1,Breakfast Cooking - Kids Game,2020-02-29,,Best game ever reackamrnd to download 👌 👌👌👌👌👌👌👌👌👌👌😜😜😝♥️♥️💛♥️♥️♥️♥️♥️♥️♥️♥️♥️♥️♥️♥️♥️✋✋,A Google user,5,1.0.7,admiration,,,
217,218,0.002710814,0.026632279,0.970656872,1,Breakfast Cooking - Kids Game,2020-02-29,,😍😍😍😍😍😂 I'm a fan,A Google user,5,1.0.7,amusement,,,
218,219,0.008217432,0.022974435,0.968808115,1,Breakfast Cooking - Kids Game,2020-02-22,,It is fun to play and this game is the best it can blow my mind I will literally send this to everybody in this world because it is so fun to play And it makes me hungry and it makes my family hungry and it makes my dog hungry and I might just pretend like it is real and eat it and give some to family And I just want to eat it right now and I cannot wait to eat it I just feel like eating it everyday and I wish I can still eat it when I die and when I'm on an airplane even at school and right now,A Google user,5,1.0.7,joy,,,
219,220,0.021786228,0.590233862,0.387979925,1,Breakfast Cooking - Kids Game,2020-02-15,,six people voted breakfast cooking healthy,A Google user,5,1.0.7,neutral,,,
220,221,0.978539228,0.017905949,0.003554856,0,Breakfast Cooking - Kids Game,2020-02-08,,The most boring cooking game I've ever played. UNINSTALL,A Google user,1,1.0.7,annoyance,,,
221,222,0.008846232,0.075487569,0.915666223,1,Breakfast Cooking - Kids Game,2020-02-06,,Good game,A Google user,5,,gratitude,,,
222,223,0.144867018,0.80476886,0.050364196,0,Breakfast Cooking - Kids Game,2020-02-04,,Game bagus dan cocok buat anak anak,A Google user,5,1.0.7,neutral,,,
223,224,0.008597457,0.143357873,0.848044693,1,Breakfast Cooking - Kids Game,2020-02-01,,It good to learn to make food,A Google user,5,1.0.6,joy,,,
224,225,0.003692892,0.017374611,0.978932559,1,Breakfast Cooking - Kids Game,2020-01-29,,It's so much fun it kinda teaches you how to make breakfast,A Google user,5,1.0.6,amusement,,,
225,226,0.242378443,0.694666088,0.062955499,0,Breakfast Cooking - Kids Game,2020-01-25,,COSTA JACK DAVIS FAT,A Google user,5,,neutral,,,
226,227,0.003515647,0.008107224,0.988377154,1,Breakfast Cooking - Kids Game,2020-01-22,,i love this game because I get to make breakfast!!!!!!!!!!!!!,A Google user,5,1.0.6,love,,,
227,228,0.030068874,0.306770056,0.663161039,1,Breakfast Cooking - Kids Game,2020-01-18,,Just yes,A Google user,5,1.0.6,approval,,,
228,229,0.00144855,0.033580486,0.964970946,1,Breakfast Cooking - Kids Game,2020-01-18,,this breakfast game is helping😁😁😁,A Google user,5,1.0.6,approval,,,
229,230,0.001985544,0.013292622,0.984721839,1,Breakfast Cooking - Kids Game,2020-01-16,,It's very good make me gamesvplz,A Google user,5,1.0.6,joy,,,
230,231,0.014571379,0.064902581,0.920526028,1,Breakfast Cooking - Kids Game,2020-01-14,,Love it,A Google user,5,1.0.6,love,,,
231,232,0.002363489,0.033147618,0.964488864,1,Breakfast Cooking - Kids Game,2020-01-09,,It is cool game,A Google user,5,1.0.6,joy,,,
232,233,0.493398666,0.417619467,0.088981852,0,Breakfast Cooking - Kids Game,2020-01-06,,All the other things that you can make we're good but the pancakes were messing up a bit,A Google user,5,,confusion,,,
233,234,0.011906676,0.108889453,0.879203856,1,Breakfast Cooking - Kids Game,2019-12-31,,Nice game,A Google user,5,1.0.6,admiration,,,
234,235,0.763186455,0.213846549,0.022967028,0,Breakfast Cooking - Kids Game,2019-12-16,,There's no variety in the menu.You have to play the same thing over again,A Google user,1,1.0.6,disapproval,,,
235,236,0.044251151,0.834447324,0.121301509,1,Breakfast Cooking - Kids Game,2019-12-15,,Do you have more of this game's.,A Google user,1,1.0.6,curiosity,,,
236,237,0.500078022,0.363691002,0.136231035,0,Breakfast Cooking - Kids Game,2019-12-14,,BAD,A Google user,1,1.0.6,anger,,,
237,238,0.881611645,0.104478754,0.013909646,0,Breakfast Cooking - Kids Game,2019-12-05,,This just make me hungry,A Google user,5,,disgust,,,
238,239,0.004270479,0.009189245,0.986540258,1,Breakfast Cooking - Kids Game,2019-11-28,,I love cooking so much bye,A Google user,5,,love,,,
239,240,0.003990636,0.159886673,0.836122692,1,Breakfast Cooking - Kids Game,2019-11-23,,Just like making your own breakfast meal to start your day 🙂🍽🥞🥓🍳🍊🥛5,A Google user,5,1.0.6,caring,,,
240,241,0.060793415,0.329427898,0.609778702,1,Breakfast Cooking - Kids Game,2019-11-23,,Good,A Google user,5,,admiration,,,
241,242,0.060793415,0.329427898,0.609778702,1,Breakfast Cooking - Kids Game,2019-11-21,,Good,A Google user,5,1.0.6,admiration,,,
242,243,0.150213957,0.312026113,0.5377599,1,Breakfast Cooking - Kids Game,2019-11-08,,I love it no i did't not like a little ok a little bye,A Google user,5,1.0.6,love,,,
243,244,0.0040783,0.031892691,0.964028955,1,Breakfast Cooking - Kids Game,2019-11-03,,Excellent service and controls and wonderful food options,A Google user,5,1.0.6,admiration,,,
244,245,0.002870676,0.083964154,0.913165152,1,Breakfast Cooking - Kids Game,2019-09-27,,i will describe it in one Word 'FUN'🥀🌺♥️,A Google user,5,1.0.5,amusement,,,
245,246,0.062184751,0.29714334,0.640671909,1,Breakfast Cooking - Kids Game,2019-09-25,,GOOD,A Google user,5,1.0.5,disgust,,,
246,247,0.022607805,0.230594486,0.74679774,1,Breakfast Cooking - Kids Game,2019-09-20,,Amazing,A Google user,5,1.0.5,admiration,,,
247,248,0.001787002,0.009851892,0.988361061,1,Breakfast Cooking - Kids Game,2019-09-17,,The best game ever u should install it 👍,A Google user,5,1.0.5,excitement,,,
248,249,0.749992132,0.23405683,0.015951028,0,Breakfast Cooking - Kids Game,2019-09-03,,It doesn't let you play more games.,A Google user,1,1.0.5,disapproval,,,
249,250,0.056610227,0.714357853,0.229031906,1,Breakfast Cooking - Kids Game,2019-08-31,,Super pehnibi,A Google user,5,1.0.5,neutral,,,
250,251,0.007595273,0.234056488,0.758348227,1,Breakfast Cooking - Kids Game,2019-08-31,,Cool,A Google user,5,1.0.5,admiration,,,
251,252,0.001449431,0.011847652,0.986702919,1,Breakfast Cooking - Kids Game,2019-08-31,,This game gets 5 stars its relly fun and it inspired me to eat new food and cook,A Google user,5,,joy,,,
252,253,0.258071005,0.298656255,0.443272799,1,Breakfast Cooking - Kids Game,2019-08-24,,This game is so cool but i can't eat my breakfeast food,A Google user,3,1.0.5,joy,,,
253,254,0.014571379,0.064902581,0.920526028,1,Breakfast Cooking - Kids Game,2019-08-24,,Love it,A Google user,5,1.0.5,love,,,
254,255,0.001948592,0.004871328,0.993180156,1,Breakfast Cooking - Kids Game,2019-08-23,,I love this game! It's is a great game i love 😘,A Google user,1,1.0.5,joy,,,
255,256,0.001249445,0.010126001,0.988624573,1,Breakfast Cooking - Kids Game,2019-08-16,,its pretty fun for kids they cook learn how to cook in real lfe it just ASOME 5 STARS! ♡♡♡,A Google user,5,1.0.5,approval,,,
256,257,0.005938271,0.070669919,0.923391759,1,Breakfast Cooking - Kids Game,2019-08-13,,It OK I enjoyed cooking,A Google user,5,1.0.5,joy,,,
257,258,0.940134645,0.053606357,0.006259028,0,Breakfast Cooking - Kids Game,2019-08-12,,not nice,A Google user,1,1.0.5,disapproval,,,
258,259,0.00479438,0.042249255,0.952956378,1,Breakfast Cooking - Kids Game,2019-08-10,,pretty good,A Google user,4,1.0.5,admiration,,,
259,260,0.057428338,0.27954635,0.66302532,1,Breakfast Cooking - Kids Game,2019-08-07,,good,A Google user,2,1.0.5,admiration,,,
260,261,0.004267191,0.029334148,0.966398656,1,Breakfast Cooking - Kids Game,2019-08-07,,it's so enjoy,A Google user,5,1.0.5,joy,,,
261,262,0.856584668,0.131107554,0.012307757,0,Breakfast Cooking - Kids Game,2019-08-04,,I cant download it,A Google user,5,,neutral,,,
262,263,0.147469655,0.589742959,0.262787431,1,Breakfast Cooking - Kids Game,2019-08-03,,hoo,A Google user,5,,fear,,,
263,264,0.00189895,0.011880602,0.986220479,1,Breakfast Cooking - Kids Game,2019-08-02,,this game is nice,A Google user,5,1.0.5,joy,,,
264,265,0.001636611,0.006220348,0.992143035,1,Breakfast Cooking - Kids Game,2019-07-27,,it's so amazing and I love it everyone should try it out ! hope the someone agrees . it's so realistic,A Google user,5,1.0.5,admiration,,,
265,266,0.032977577,0.456130564,0.510891914,1,Breakfast Cooking - Kids Game,2019-07-27,,i want to be able to really eat the breakfast,A Google user,2,1.0.5,desire,,,
266,267,0.052609991,0.308670014,0.638719976,1,Breakfast Cooking - Kids Game,2019-07-25,,nice,A Google user,5,1.0.5,admiration,,,
267,268,0.14019227,0.67734319,0.182464585,1,Breakfast Cooking - Kids Game,2019-07-23,,B's sahi,A Google user,2,1.0.5,neutral,,,
268,269,0.002190543,0.035388693,0.962420821,1,Breakfast Cooking - Kids Game,2019-07-20,,good food 👍😎 👍,A Google user,1,1.0.4,admiration,,,
269,270,0.004075825,0.014615138,0.981308997,1,Breakfast Cooking - Kids Game,2019-07-16,,it is so much fun,A Google user,5,1.0.4,joy,,,
270,271,0.069456279,0.818404198,0.112139493,1,Breakfast Cooking - Kids Game,2019-07-15,,it has optional foods,A Google user,5,1.0.4,neutral,,,
271,272,0.001319575,0.020047996,0.97863239,1,Breakfast Cooking - Kids Game,2019-07-15,,Thanks again for your help in this!,A Google user,5,1.0.4,gratitude,,,
272,273,0.002512982,0.007078534,0.990408421,1,Breakfast Cooking - Kids Game,2019-07-15,,I love this game because me for child I love this and I am only this age .............,A Google user,5,1.0.4,love,,,
273,274,0.001272789,0.011911839,0.986815393,1,Breakfast Cooking - Kids Game,2019-07-12,,it makes me feel hungery😁😁😁! and happy!,A Google user,5,1.0.4,joy,,,
274,275,0.001647847,0.012621312,0.985730827,1,Breakfast Cooking - Kids Game,2019-07-10,,Such a great time playing 5 star 🌟,A Google user,5,1.0.4,admiration,,,
275,276,0.103228152,0.242781073,0.653990746,1,Breakfast Cooking - Kids Game,2019-07-09,,I like this game its simple and easy but the only problem is there no levels and there's not as much breakfast🤔☕🥄,A Google user,5,1.0.4,love,,,
276,277,0.004372485,0.030084545,0.965542912,1,Breakfast Cooking - Kids Game,2019-07-08,,good awesome,A Google user,5,1.0.4,admiration,,,
277,278,0.361948282,0.327988505,0.310063213,0,Breakfast Cooking - Kids Game,2019-06-30,,i like this game because it relax me the only thing I hate about it is that you can not eat the food in the game,A Google user,4,1.0.3,disgust,,,
278,279,0.00385821,0.007918605,0.988223255,1,Breakfast Cooking - Kids Game,2019-06-30,,I love this game,A Google user,2,1.0.3,love,,,
279,280,0.961964786,0.033520926,0.004514287,0,Breakfast Cooking - Kids Game,2019-06-29,,Keeps on frezzing every single time. Do not like it,A Google user,1,1.0.3,disapproval,,,
280,281,0.00184474,0.011325357,0.986829937,1,Breakfast Cooking - Kids Game,2019-06-27,,this game is fun and easy I like this game and I like the graphics,A Google user,5,1.0.3,joy,,,
281,282,0.001839929,0.008759991,0.989400089,1,Breakfast Cooking - Kids Game,2019-06-20,,This game is fun! thanks to do this app,A Google user,5,1.0.3,gratitude,,,
282,283,0.060423613,0.697797477,0.241778865,1,Breakfast Cooking - Kids Game,2019-06-17,,gungun🔚🔚🔚,A Google user,5,,neutral,,,
283,284,0.89802283,0.08327309,0.018704116,0,Breakfast Cooking - Kids Game,2019-06-17,,boring,A Google user,1,,neutral,,,
284,285,0.009975342,0.218436033,0.771588624,1,Breakfast Cooking - Kids Game,2019-06-16,,cool,A Google user,5,1.0.3,joy,,,
285,286,0.218321174,0.669595182,0.112083629,0,Breakfast Cooking - Kids Game,2019-06-12,,no pan cakes,A Google user,1,1.0.1,neutral,,,
286,287,0.311806798,0.600494325,0.087698855,0,Breakfast Cooking - Kids Game,2019-06-11,,its a 3 because 3=how the game is but u didint get 5 because theres to much adds .thanks,A Google user,3,1.0.1,gratitude,,,
287,288,0.004831611,0.032754343,0.962414086,1,Breakfast Cooking - Kids Game,2019-06-11,,this is a fun game,A Google user,5,1.0.1,joy,,,
288,289,0.008237184,0.018854987,0.972907841,1,Breakfast Cooking - Kids Game,2019-06-08,,this games lovely please games lovely because it's hell that thing you know if you tried to make things right I love this game because it shows how how to spell house children TV thank you bye love you,A Google user,1,,love,,,
289,290,0.001630023,0.03815297,0.960216939,1,Breakfast Cooking - Kids Game,2019-06-07,,a yummy breakfast🍞🥞🍳🥓🍵🌇🕎🇺🇸🇪🇨,A Google user,5,1.0.1,joy,,,
290,291,0.052609991,0.308670014,0.638719976,1,Breakfast Cooking - Kids Game,2019-06-07,,nice,A Google user,5,,admiration,,,
291,292,0.445806205,0.527042985,0.027150771,0,Breakfast Cooking - Kids Game,2019-06-07,,couldn't stir the omlett,A Google user,1,1.0.1,neutral,,,
292,293,0.063130252,0.286515325,0.650354385,1,Breakfast Cooking - Kids Game,2019-05-31,,yummy,A Google user,5,,disgust,,,
293,294,0.171451345,0.764608502,0.063940175,0,Breakfast Cooking - Kids Game,2019-05-29,,it freezes right in thr middle of the game,A Google user,1,1.0.1,neutral,,,
294,295,0.003239087,0.053162877,0.943598032,1,Breakfast Cooking - Kids Game,2019-05-27,,😊😊😊😊😊😊😁😁,A Google user,5,1.0.1,amusement,,,
295,296,0.317545503,0.490549713,0.191904888,0,Breakfast Cooking - Kids Game,2019-05-27,,nop,A Google user,1,,neutral,,,
296,297,0.00385821,0.007918605,0.988223255,1,Breakfast Cooking - Kids Game,2019-05-26,,I love this game,A Google user,5,1.0.1,love,,,
297,298,0.003709301,0.043243989,0.953046679,1,Breakfast Cooking - Kids Game,2019-05-17,,i like the games but my favorite is bacon😀😀😀😀😀😀😀😀,A Google user,5,1.0.1,love,,,
298,299,0.976301968,0.019022949,0.004675094,0,Breakfast Cooking - Kids Game,2019-05-12,,it’s disgusting game. I Don't love it.,A Google user,1,1.0.1,disgust,,,
299,300,0.00565394,0.031365123,0.962980986,1,Breakfast Cooking - Kids Game,2019-05-10,,so good,A Google user,1,1.0.1,admiration,,,
300,301,0.002237941,0.004740923,0.99302119,1,Breakfast Cooking - Kids Game,2019-05-07,,it is amazing game i love it😻😻😻💖💖💖💖👤👤👤👤👤👤👤👤💖 thanks for it😝,A Google user,1,1.0.1,admiration,,,
301,302,0.057428338,0.27954635,0.66302532,1,Breakfast Cooking - Kids Game,2019-04-29,,good,A Google user,5,1.0.1,admiration,,,
302,303,0.020181289,0.425838739,0.553979993,1,Breakfast Cooking - Kids Game,2019-04-26,,MORE FOOD d,A Google user,2,1.0.1,neutral,,,
303,304,0.963603854,0.032438315,0.003957859,0,Breakfast Cooking - Kids Game,2019-04-26,,not good. Too many ads. no customers,A Google user,1,1.0.1,disapproval,,,
304,305,0.004026354,0.011177774,0.984795809,1,Breakfast Cooking - Kids Game,2019-04-23,,Nice game loved it,A Google user,5,1.0.1,admiration,,,
305,306,0.15154022,0.805653095,0.042806707,0,Breakfast Cooking - Kids Game,2019-04-21,,i hat thes gamen ples maket bedr.....o and my nsm is not rondu it is Paige y why as fro flar.,A Google user,2,,neutral,,,
306,307,0.19943507,0.55881846,0.241746411,1,Breakfast Cooking - Kids Game,2019-04-16,,like,A Google user,5,1.0.1,neutral,,,
307,308,0.89383316,0.10065347,0.005513391,0,Breakfast Cooking - Kids Game,2019-04-13,,some times it won't load and so you have to go to home and start agian and miss your progress,A Google user,3,1.0.1,sadness,,,
308,309,0.966610014,0.027951868,0.005438141,0,Breakfast Cooking - Kids Game,2019-04-12,,shittest game ever,A Google user,1,1.0.1,disgust,,,
309,310,0.003397624,0.024295319,0.972307026,1,Breakfast Cooking - Kids Game,2019-04-04,,so fun!,A Google user,4,1.0.1,joy,,,
310,311,0.002027064,0.005105344,0.992867589,1,Breakfast Cooking - Kids Game,2019-03-28,,veryyyyyyyyyyyyyy good.this game is wonderful,A Google user,5,1.0.1,admiration,,,
311,312,0.216246158,0.562830687,0.220923126,1,Breakfast Cooking - Kids Game,2019-03-28,,jw,A Google user,5,1,neutral,,,
312,313,0.001373807,0.006702119,0.991924107,1,Breakfast Cooking - Kids Game,2019-03-27,,this game is very nice :3,A Google user,5,1.0.1,joy,,,
313,314,0.002081624,0.033534743,0.964383602,1,Breakfast Cooking - Kids Game,2019-03-26,,it good for little kids. it shows kids how to make a good healthy breakfast.,A Google user,5,1.0.1,approval,,,
314,315,0.452636242,0.3824763,0.164887443,0,Breakfast Cooking - Kids Game,2019-03-25,,this deserves 3 stars it's the same thing and I'm bored also it's slow so please make the development better.,A Google user,3,,disappointment,,,
315,316,0.038577404,0.433638006,0.527784646,1,Breakfast Cooking - Kids Game,2019-03-17,,give more games 😄😄😄,A Google user,5,,curiosity,,,
316,317,0.003548795,0.009603314,0.986847937,1,Breakfast Cooking - Kids Game,2019-03-13,,it was the best game ever,A Google user,5,1.0.1,joy,,,
317,318,0.036335263,0.14363575,0.82002902,1,Breakfast Cooking - Kids Game,2019-03-09,,yummy game,A Google user,5,1.0.1,neutral,,,
318,319,0.006490002,0.036710013,0.956799984,1,Breakfast Cooking - Kids Game,2019-03-06,,did game is the best,A Google user,1,1.0.1,admiration,,,
319,320,0.594952226,0.313949108,0.091098666,0,Breakfast Cooking - Kids Game,2019-03-04,,nice game but not amazing,A Google user,2,1.0.1,admiration,,,
320,321,0.012382999,0.048061017,0.939556003,1,Breakfast Cooking - Kids Game,2019-02-26,,I loveit,A Google user,5,1.0.1,love,,,
321,322,0.012188063,0.15219067,0.835621238,1,Breakfast Cooking - Kids Game,2019-02-24,,fun game with many choices of decoration although its the exact same all the way through,A Google user,3,1.0.1,amusement,,,
322,323,0.036681071,0.837130427,0.126188502,1,Breakfast Cooking - Kids Game,2019-02-01,,I think so??,A Google user,5,,neutral,,,
323,324,0.025210788,0.264984906,0.709804296,1,Breakfast Cooking - Kids Game,2019-02-01,,fun.,A Google user,4,1,amusement,,,
324,325,0.00263628,0.007050762,0.990312934,1,Breakfast Cooking - Kids Game,2019-01-31,,I love everything about this game 😄,A Google user,5,1,love,,,
325,326,0.001508979,0.023212329,0.975278676,1,Breakfast Cooking - Kids Game,2019-01-26,,this game isms kinda fun I'll probably play this everyday and will all the time so what I'm saying here is basically saying I play this daily and stuff so ya all L rates and stars is a funny and fun game,A Google user,5,1,amusement,,,
326,327,0.008160725,0.071396247,0.920443058,1,Breakfast Cooking - Kids Game,2019-01-07,,well game nice,A Google user,3,1,admiration,,,
327,328,0.07687781,0.822116852,0.101005375,1,Breakfast Cooking - Kids Game,2019-01-05,,أنا حبيت اللعبة گثير گثير;-),A Google user,5,1,neutral,,,
328,329,0.003127251,0.010046002,0.986826777,1,Breakfast Cooking - Kids Game,2019-01-02,,l like this game and it is THE BEST,A Google user,5,1,admiration,,,
329,330,0.029187571,0.289083302,0.681729138,1,Breakfast Cooking - Kids Game,2018-12-31,,superb,A Google user,5,,excitement,,,
330,331,0.057428338,0.27954635,0.66302532,1,Breakfast Cooking - Kids Game,2018-12-31,,good,A Google user,5,1,admiration,,,
331,332,0.018603519,0.092650145,0.888746321,1,Breakfast Cooking - Kids Game,2018-12-28,,you cant eat the food but over all its a good game,A Google user,3,,approval,,,
332,333,0.00222958,0.011451153,0.986319304,1,Breakfast Cooking - Kids Game,2018-12-27,,that's very good,A Google user,5,1,admiration,,,
333,334,0.026446041,0.124934182,0.848619759,1,Breakfast Cooking - Kids Game,2018-12-23,,It's a really fun game but they should add more choices,A Google user,5,1,joy,,,
334,335,0.005693284,0.101267055,0.893039644,1,Breakfast Cooking - Kids Game,2018-12-23,,i love to cook so i got this game and i go by the time like morning afternoon night,A Google user,5,1,love,,,
335,336,0.163658649,0.653962195,0.182379156,1,Breakfast Cooking - Kids Game,2018-12-17,,interesting,A Google user,5,1,curiosity,,,
336,337,0.066038191,0.354452819,0.57950896,1,Breakfast Cooking - Kids Game,2018-12-16,,Nice,A Google user,5,1,admiration,,,
337,338,0.002426061,0.037206236,0.96036768,1,Breakfast Cooking - Kids Game,2018-12-12,,Good game 🙂,A Google user,5,1,admiration,,,
338,339,0.002091674,0.016709587,0.981198788,1,Breakfast Cooking - Kids Game,2018-12-09,,It was really good its just like you cookin,A Google user,5,1,joy,,,
339,340,0.975500405,0.021274006,0.003225672,0,Breakfast Cooking - Kids Game,2018-12-06,,It is very bad game,A Google user,1,1,disgust,,,
340,341,0.004771425,0.040839728,0.954388797,1,Breakfast Cooking - Kids Game,2018-12-04,,It's good game.,A Google user,4,1,admiration,,,
341,342,0.02431133,0.32793957,0.647749066,1,Breakfast Cooking - Kids Game,2018-11-30,,Wow,A Google user,5,,surprise,,,
342,343,0.002132705,0.018016122,0.979851186,1,Breakfast Cooking - Kids Game,2018-11-29,,It's very nice.,A Google user,5,,admiration,,,
343,344,0.002866865,0.031179553,0.965953648,1,Breakfast Cooking - Kids Game,2018-11-22,,Nice game and also entertaining,A Google user,4,,admiration,,,
344,345,0.975299239,0.021506872,0.003193962,0,Breakfast Cooking - Kids Game,2018-11-19,,Not very nice very bad game,A Google user,1,1,disappointment,,,
345,346,0.002136876,0.020272555,0.977590561,1,Breakfast Cooking - Kids Game,2018-11-10,,I will play this game every time everywhere so fun you know,A Google user,5,1,joy,,,
346,347,0.002551024,0.13305454,0.864394426,1,Breakfast Cooking - Kids Game,2018-11-07,,I think this game is suitable for girls who interested in cooking,A Google user,5,1,approval,,,
347,348,0.009305779,0.072269559,0.918424666,1,Breakfast Cooking - Kids Game,2018-11-06,,Awesome.,A Google user,5,1,admiration,,,
348,349,0.005547554,0.191249982,0.80320245,1,Breakfast Cooking - Kids Game,2018-10-22,,FUN🎆🌈,A Google user,5,1,amusement,,,
349,350,0.419088334,0.404713184,0.176198527,0,Breakfast Cooking - Kids Game,2018-10-20,,Coooooooool,A Google user,5,1,amusement,,,
350,351,0.955628693,0.036337279,0.008034091,0,Breakfast Cooking - Kids Game,2018-10-20,,I hate it,A Google user,1,1,anger,,,
351,352,0.011089318,0.171631336,0.817279398,1,Breakfast Cooking - Kids Game,2018-10-14,,"Very good condition with all the best way to get the best way to 5, I have a look at the moment, but I think I have a look at the moment, but I think I have a look at the moment, but",A Google user,5,,admiration,,,
352,353,0.010651176,0.293789119,0.69555974,1,Breakfast Cooking - Kids Game,2018-10-10,,I would like to be able to make a whole breakfast at once and see it all put together.,A Google user,4,1,desire,,,
353,354,0.002364618,0.014111091,0.983524203,1,Breakfast Cooking - Kids Game,2018-10-04,,This is so interesting game...,A Google user,5,1,excitement,,,
354,355,0.001172357,0.007150829,0.991676807,1,Breakfast Cooking - Kids Game,2018-09-23,,My daughter is loving this breakfast game :),A Google user,5,1,love,,,
355,356,0.003645654,0.033562277,0.962792099,1,Breakfast Cooking - Kids Game,2018-09-16,,It is nice,A Google user,4,1,admiration,,,
